title,date,read_more,intro,location
The Official Halloween Bar Crawl (Fri & Sat) - Pittsburgh,"Oct 31, 2025 - Nov 1, 2025																											   | 4:00 pm - 1:00 pm",https://downtownpittsburgh.com/events/event/?id=63458,"Round up your boo crew, show off your costumes, and prepare for a night of creepy cocktails, chills, and unforgettable bar-hopping fun!",
Dia de los Muertos,"Oct 31, 2025 - Nov 1, 2025																											   | 7:00 pm - 12:00 am",https://downtownpittsburgh.com/events/event/?id=63736,Dia de los Muertos Halloween Party–Come in costume for a night of fun at the Rebel RoomZ!,
Lit Fridays,"Oct 31, 2025																											   | 6:00 pm - 8:30 pm",https://downtownpittsburgh.com/events/event/?id=63839,"Join the August Wilson African American Cultural Center for Lit Friday, a virtual program streamed on Facebook and YouTube. Hosted and produced by Literary Curator, poet, and art writer Jessica Lanay, the series highlights dynamic voices in literature and the arts",
Dracula,"Oct 31, 2025 - Nov 2, 2025",https://downtownpittsburgh.com/events/event/?id=63878,The seductive Count Dracula makes his chilling return to the Benedum stage just in time for Halloween.,
Bugs Bunny at the Symphony,"Oct 31, 2025 - Nov 2, 2025",https://downtownpittsburgh.com/events/event/?id=63916,"""What's Up, Doc?"" Bugs Bunny turns 85 in grand, symphonic style!",
Downtown Walking Tour: Grant Street,"Oct 31, 2025																											   | 10:00 am - 12:00 pm",https://downtownpittsburgh.com/events/event/?id=63922,"Tour Grant Street, Downtown’s great civic thoroughfare, bringing to life Pittsburgh’s history through the street’s stellar architectural mix!",
Downtown Walking Tour: Grant Street,"Oct 31, 2025																											   | 10:00 am - 12:00 pm",https://downtownpittsburgh.com/events/event/?id=63923,"Tour Grant Street, Downtown’s great civic thoroughfare, bringing to life Pittsburgh’s history through the street’s stellar architectural mix!",
Intermission: An Artful Networking Series,"Oct 30, 2025																											   | 6:00 pm - 9:00 pm",https://downtownpittsburgh.com/events/event/?id=63838,Drink. Dine. Dance. Decompress.,
Build on 2025,"Oct 30, 2025 - Oct 31, 2025",https://downtownpittsburgh.com/events/event/?id=63902,The Builders Guild of Western Pennsylvania is a unique labor/management initiative of the building and construction trade unions of Western PA and local professional contractor associations.,
105.9 The X's Halloween Cruise,"Oct 30, 2025																											   | 7:00 pm - 10:30 pm",https://downtownpittsburgh.com/events/event/?id=63909,The Spirit summons you to join us for The X’s Halloween Cruise!,
The Life & Music of George Michael at Byham Theater,"Oct 28, 2025																											   | 7:30 pm - 9:30 pm",https://downtownpittsburgh.com/events/event/?id=63718,"The Life & Music of George Michael will change your perception of live concerts forever, so get your tickets now for Tuesday 28th October 2025.",
The Life & Music of George Michael,"Oct 28, 2025																											   | 7:30 pm - 9:30 pm",https://downtownpittsburgh.com/events/event/?id=63886,"National sensation The Life and Music of George Michael returns to rock the Byham stage this October! For one night only, witness the incredible journey of pop star George Michael with this dynamo production promising unforgettable concert experiences and the electric fan connection that made Michael a legend.",
Jon Batiste,"Oct 28, 2025																											   | 8:00 pm - 10:00 pm",https://downtownpittsburgh.com/events/event/?id=63915,"Multi-GRAMMY® and Academy Award® winner Jon Batiste brings his Big Money Tour: Jon Batiste Plays America to Heinz Hall as part of his highly anticipated, second-ever headlining run. This unforgettable night in Pittsburgh is one stop on a dynamic journey across more than 30 cities nationwide, including iconic venues like Red Rocks, the Grand Ole Opry, and a special co-bill with Diana Ross.",
La Bohème,"Oct 26, 2025																											   | 2:00 pm - 5:00 pm",https://downtownpittsburgh.com/events/event/?id=62502,"When a candle flickers, love sparks. Set against the backdrop of 1830’s Paris, La Bohème follows four impoverished artists surviving with little more than friendship, passion, and their love for art.",
Kids Eat Free & Halloween Safety Day w/ UPMC Burn Center,"Oct 26, 2025																											   | 3:00 pm - 6:00 pm",https://downtownpittsburgh.com/events/event/?id=63790,w/ CoCo The Clown & Giveaways,
Pittsburgh Steelers vs. Green Bay Packers,"Oct 26, 2025																											   | 1:00 pm - 4:00 pm",https://downtownpittsburgh.com/events/event/?id=63614,Watch the Pittsburgh Steelers take on the Green Bay Packers at Acrisure Stadium!,
Steelers vs. Green Bay Packers,"Oct 26, 2025																											   | 8:30 pm - 11:30 pm",https://downtownpittsburgh.com/events/event/?id=63769,Watch the Pittsburgh Steelers take of the Green Bay Packers at Acrisure Stadium!,
Haunted History Center Halloween,"Oct 26, 2025																											   | 10:00 am - 2:00 pm",https://downtownpittsburgh.com/events/event/?id=63920,"Step inside the History Center for a spooktacular day of tricks, treats, and ghoulishly grand fun!",
“Hurdle-isms” Book Talk with Clint Hurdle,"Oct 26, 2025",https://downtownpittsburgh.com/events/event/?id=63921,"Join former Pittsburgh Pirates manager Clint Hurdle for the launch of his book, “Hurdle-isms.”",
Knights of the Arcade,"Oct 25, 2025																											   | 9:00 pm - 10:30 pm",https://downtownpittsburgh.com/events/event/?id=63620,"A comedy quest awaits! Knights of the Arcade is an award-winning comedy show that takes audiences on a wild, madcap adventure every month.",
Pitt Panthers vs. NC State Wolfpack,"Oct 25, 2025",https://downtownpittsburgh.com/events/event/?id=63768,Watch the Pittsburgh Panthers take on the NC State Wolfpacks at Acrisure Stadium!,
SkyWatch,"Oct 25, 2025																											   | 9:00 pm - 11:00 pm",https://downtownpittsburgh.com/events/event/?id=63894,Experience One of the Most Unique Astronomy Shows in Pittsburgh.,
MessFest: Halloween Edition,"Oct 25, 2025																											   | 10:00 am - 5:00 pm",https://downtownpittsburgh.com/events/event/?id=63895,Get ready for a frightfully fun day of messy science at the Science Center’s annual celebration!,
Boo N Brew Halloween Dance Cruise,"Oct 25, 2025																											   | 8:00 pm - 10:30 pm",https://downtownpittsburgh.com/events/event/?id=63908,Boo N Brew Dance Cruise & Tour – Come On Down To Pittsburgh’s Craziest Halloween Party!,
Tim Burton's The Nightmare Before Christmas,"Oct 25, 2025 - Oct 26, 2025",https://downtownpittsburgh.com/events/event/?id=63914,Tim Burton’s holiday classic The Nightmare Before Christmas comes to life on the big screen with live music from the Pittsburgh Symphony Orchestra.,
La Bohème,"Oct 24, 2025																											   | 7:00 pm - 10:00 pm",https://downtownpittsburgh.com/events/event/?id=62501,"When a candle flickers, love sparks. Set against the backdrop of 1830’s Paris, La Bohème follows four impoverished artists surviving with little more than friendship, passion, and their love for art.",
Wig Out,"Oct 24, 2025																											   | 7:00 pm - 11:00 pm",https://downtownpittsburgh.com/events/event/?id=63804,Imagine an entire room full of Halloween wigs and the most amazing energy!,
Mission of Mercy Pittsburgh 2025,"Oct 24, 2025 - Sep 25, 2025",https://downtownpittsburgh.com/events/event/?id=63901,"The signature program of A Call to Care, Inc., Mission of Mercy Pittsburgh is a free, two-day dental, vision and hearing clinic that serves patients in need. ALL services are provided FREE of charge by local clinical professionals, and there are no eligibility or insurance requirements.",
La Bohème,"Oct 23, 2025																											   | 10:30 am - 1:30 pm",https://downtownpittsburgh.com/events/event/?id=62500,"When a candle flickers, love sparks. Set against the backdrop of 1830’s Paris, La Bohème follows four impoverished artists surviving with little more than friendship, passion, and their love for art.",
One Bite One Day: Pittsburgh's Premier Foodie Event,"Oct 23, 2025																											   | 6:00 pm - 9:00 pm",https://downtownpittsburgh.com/events/event/?id=63793,"One Bite One Day returns Oct. 23 at the Pittsburgh Opera. Enjoy food, cocktails, entertainment, and a silent auction while supporting families facing advanced-stage cancer.",
La Bohème,"Oct 21, 2025																											   | 7:00 pm - 10:00 pm",https://downtownpittsburgh.com/events/event/?id=62499,"When a candle flickers, love sparks. Set against the backdrop of 1830’s Paris, La Bohème follows four impoverished artists surviving with little more than friendship, passion, and their love for art.",
The Magic of Motown,"Oct 19, 2025																											   | 6:00 pm - 8:00 pm",https://downtownpittsburgh.com/events/event/?id=63883,"The Magic of Motown is a group of powerful vocalists backed by a band delivering all the hits from: The Temptations, The Jackson Five, Diana Ross & The Supremes, Marvin Gaye, Aretha Franklin etc.",
La Bohème,"Oct 18, 2025																											   | 7:00 pm - 10:00 pm",https://downtownpittsburgh.com/events/event/?id=62498,"When a candle flickers, love sparks. Set against the backdrop of 1830’s Paris, La Bohème follows four impoverished artists surviving with little more than friendship, passion, and their love for art.",
The Dinner Detective Murder Mystery Dinner Show,"Oct 18, 2025																											   | 6:00 pm - 9:00 pm",https://downtownpittsburgh.com/events/event/?id=63778,"You’ll tackle a challenging crime while you feast on a fantastic dinner. Just beware! The criminal is lurking somewhere in the room, and you may be a Prime Suspect!",
Penny Arcade: Kids Comedy Show,"Oct 18, 2025																											   | 2:00 pm - 3:30 pm",https://downtownpittsburgh.com/events/event/?id=63834,Be silly! Get creative! A watch-and-play comedy show for kids!,
UNIQUE,"Oct 17, 2025																											   | 9:00 pm - 10:30 pm",https://downtownpittsburgh.com/events/event/?id=63704,"Join us for another hilarious night of anecdotes and improv provided by storytellers and performers who have two things in common: each is UNIQUE, and they all have disabilities!",
Duo Two Ways,"Oct 17, 2025																											   | 9:00 pm - 10:30 pm",https://downtownpittsburgh.com/events/event/?id=63807,Watch veteran improvisers Fred Brown and Scott Pettis perform two very different improv styles.,
Sound Series: Brian Dunne with special guest Dead Gowns,"Oct 17, 2025																											   | 8:00 pm - 10:00 pm",https://downtownpittsburgh.com/events/event/?id=63826,"Songwriter and guitarist Brian Dunne takes the stage for an intimate solo performance, featuring music from his acclaimed 2023 album Loser On The Ropes.",
Night of the Moth Man,"Oct 17, 2025																											   | 8:00 pm - 8:30 pm",https://downtownpittsburgh.com/events/event/?id=63828,"Inspired by Eamon McNamee’s Night of the Moth Man, this Pittsburgh-born tabletop RPG becomes a live, D&D-style comedy adventure, with new thrills each night (or the full saga across all three).",
Unique: An Improv Show About Disabilities & Mental Health,"Oct 17, 2025																											   | 9:00 pm - 9:00 pm",https://downtownpittsburgh.com/events/event/?id=63833,Celebrate Disabilities Awareness Month with UNIQUE!,
Sibelius'  Finlandia,"Oct 17, 2025 - Oct 19, 2025",https://downtownpittsburgh.com/events/event/?id=63913,"Sibelius’s Sixth evokes the quiet beauty of nature, paired with Stravinsky’s vibrant Violin Concerto performed by the brilliant Leila Josefowicz.",
Off the Record XXV: Burgh to the Future!,"Oct 16, 2025																											   | 8:00 pm - 10:00 pm",https://downtownpittsburgh.com/events/event/?id=63882,"Musical satire for a good cause is back in action for YEAR 25 when OFF THE RECORD XXV: BURGH TO THE FUTURE! is at the Byham Theater on Oct. 16, 2025. The show's original emcee, LARRY RICHERT, returns, as local unions United Steelworkers, SAG-AFTRA and the Newspaper Guild of Pittsburgh collaborate with regional performers, broadcasters and community volunteers in an original spoof of Pittsburgh news and newsmakers.",
Hidden History Trivia Night,"Oct 16, 2025",https://downtownpittsburgh.com/events/event/?id=63919,It’s a dark and stormy trivia night in Pittsburgh…with a spooky twist!,
"Processions, Parties & Parades: Closing Celebration","Oct 16, 2025																											   | 6:00 pm - 8:30 pm",https://downtownpittsburgh.com/events/event/?id=63925,"Join the Closing Celebration Processions, Parties & Parades, an exhibit capturing the powerful presence of people who bring neighborhoods to life through movement, memory, and meaning-making!",
"Processions, Parties & Parades: Closing Celebration","Oct 16, 2025																											   | 6:00 pm - 8:30 pm",https://downtownpittsburgh.com/events/event/?id=63926,"Join the Closing Celebration Processions, Parties & Parades, an exhibit capturing the powerful presence of people who bring neighborhoods to life through movement, memory, and meaning-making!",
Mellon Square Happy Hour,"Oct 15, 2025																											   | 4:00 pm - 7:00 pm",https://downtownpittsburgh.com/events/event/?id=63084,"Join us on select Wednesdays and Thursdays for elevated happy hours in Mellon Square, featuring live music, crowd-favorite food vendors, and refreshing cocktails from local alcohol vendors!",
Global Black Identity & Artistic Expression,"Oct 15, 2025																											   | 6:00 pm - 8:00 pm",https://downtownpittsburgh.com/events/event/?id=63837,"Moderated by Quincy Swatson, Founder and Owner of the Kofi Collection, Global Black Identity and Artistic Expression invites artists Malayah Reynolds, Charles Lyons, Tamara Howard, and Amani Davis to reflect on Blackness as a global experience.",
Autumn Serenade Luncheon Cruise,"Oct 15, 2025																											   | 12:00 pm - 2:00 pm",https://downtownpittsburgh.com/events/event/?id=63910,Enjoy an Autumn Serenade Luncheon Cruise on the Three Rivers in Pittsburgh!,
It's October Family Night w/ Coco the Clown!,"Oct 14, 2025																											   | 5:00 pm - 8:00 pm",https://downtownpittsburgh.com/events/event/?id=63776,Kids Eat FREE*!,
Il Divo By Candlelight,"Oct 14, 2025																											   | 7:30 pm - 9:30 pm",https://downtownpittsburgh.com/events/event/?id=63881,"For over 20 years, Il Divo has embodied the power of music, brotherhood, and artistic evolution. Since their debut in 2004, the iconic quartet, formed today with —Urs Bühler (tenor, Switzerland), Sébastien Izambard (tenor, France), David Miller (tenor, USA), and Steven LaBrie (baritone, USA)—have redefined classical crossover, captivating audiences worldwide with their breathtaking vocals and electrifying performances.",
Pittsburgh Steelers vs. Cleveland Browns,"Oct 12, 2025																											   | 1:00 pm - 4:00 pm",https://downtownpittsburgh.com/events/event/?id=63613,Watch the Pittsburgh Steelers take on the Cleveland Browns at Acrisure Stadium!,
B!tch Please - MQCF,"Oct 12, 2025																											   | 7:00 pm - 8:30 pm",https://downtownpittsburgh.com/events/event/?id=63809,"Loud, unapologetic, and a little unhinged—because being a b!tch is a badge of honor.",
No Straight Answers - MQCF,"Oct 12, 2025																											   | 8:00 pm - 9:30 pm",https://downtownpittsburgh.com/events/event/?id=63810,Part of the Midwest Queer Comedy Festival!,
MQCFest Presents: Helen Wildy,"Oct 12, 2025																											   | 9:00 pm - 10:30 pm",https://downtownpittsburgh.com/events/event/?id=63811,Come close the Midwest Queer Comedy Festival with Pittsburgh's own Helen Wildy! Hosted by Asher O'Briant,
Silver Springs - A Fleetwood Mac Experience (21+),"Oct 11, 2025																											   | 8:00 pm - 11:00 pm",https://downtownpittsburgh.com/events/event/?id=62551,The Tonidale Pub and CE Presents welcome SILVER SPRINGS - A FLEETWOOD MAC EXPERIENCE!,
Hispanic Heritage Celebration,"Oct 11, 2025																											   | 11:00 am - 3:00 pm",https://downtownpittsburgh.com/events/event/?id=63773,"The Warhol and Carnegie Museums are thrilled to celebrate Hispanic Heritage Month with Latin music and dance performances, Spanish-language tours, and silkscreen printing.",
Comedy Stripped - MQCF,"Oct 11, 2025 - Oct 12, 2025																											   | 11:00 pm - 12:30 am",https://downtownpittsburgh.com/events/event/?id=63805,An underwear comedy show.,
Double Team'd - MQCF,"Oct 11, 2025																											   | 9:00 pm - 10:30 pm",https://downtownpittsburgh.com/events/event/?id=63806,A crowd work show where two comedians join forces to take on the audience.,
#TheBlackout - MQCF,"Oct 11, 2025																											   | 7:00 pm - 8:30 pm",https://downtownpittsburgh.com/events/event/?id=63808,Seattle’s Hit Show comes to Pittsburgh for the Midwest Queer Comedy Festival,
Aakash Odedra Company,"Oct 11, 2025																											   | 7:30 pm - 9:30 pm",https://downtownpittsburgh.com/events/event/?id=63880,"“Birdsong is ephemeral – like dance, it exists only in the moment— sung once, then lost to time.”",
Go Fourth! Discover Pittsburgh's Wall Street,"Oct 11, 2025																											   | 11:00 am - 3:00 pm",https://downtownpittsburgh.com/events/event/?id=63820,Stroll with history and antique skyscraper expert Mark Houser and hear amazing tales of the old financial district.,
Hispanic Heritage Celebration,"Oct 11, 2025																											   | 11:00 am - 3:00 pm",https://downtownpittsburgh.com/events/event/?id=63824,"Celebrate Hispanic Heritage Month at The Warhol with live Latin music and dance, Spanish-language tours, and hands-on silkscreen printing, co-presented with Carnegie Museums’ Culture & Community Department.",
Hispanic Heritage Celebration,"Oct 11, 2025																											   | 11:00 am - 3:00 pm",https://downtownpittsburgh.com/events/event/?id=63825,"Celebrate Hispanic Heritage Month at The Warhol with live Latin music and dance, Spanish-language tours, and hands-on silkscreen printing, co-presented with Carnegie Museums’ Culture & Community Department.",
Diamond Diva Disco,"Oct 11, 2025																											   | 6:00 pm - 9:00 pm",https://downtownpittsburgh.com/events/event/?id=63928,"Dance, Drink, Groove, and Sing at the 70th Annual Diamond Horseshoe Celebration",
Early Bird Special - MQCF,"Oct 10, 2025																											   | 7:00 pm - 8:30 pm",https://downtownpittsburgh.com/events/event/?id=63797,Enjoy comedy and make it home before 10!,
Talking Points - MQCF,"Oct 10, 2025																											   | 8:00 pm - 9:30 pm",https://downtownpittsburgh.com/events/event/?id=63798,A political comedy show hosted by Asher O'Briant,
"love,: Silhouettes By Erik In Store Event","Oct 10, 2025																											   | 12:00 pm - 6:00 pm",https://downtownpittsburgh.com/events/event/?id=63758,"Renowned silhouette artist Erik Johnson, a third-generation master of this rare art form, will be in-store on Friday, October 10, from 12–6 PM at 489 Market Street, Downtown Pittsburgh, creating hand-cut heirloom silhouettes in just minutes.",
Here to Pee - MQCF,"Oct 10, 2025																											   | 9:00 pm - 10:30 pm",https://downtownpittsburgh.com/events/event/?id=63801,Part of the Midwest Queer Comedy Festival! With host Ren Dawe,
RV Fall Show 2025,"Oct 10, 2025 - Oct 12, 2025",https://downtownpittsburgh.com/events/event/?id=63898,"Get ready for an exciting weekend at the RV Fall Show 2025, taking place from October 10 to October 12 at the renowned David L. Lawrence Convention Center in Pittsburgh!",
2025 Teacher Open House,"Oct 10, 2025																											   | 6:00 pm - 9:00 pm",https://downtownpittsburgh.com/events/event/?id=63823,"Discover a vibrant evening celebrating arts education with hands-on activities, live performances, and the unveiling of Andy Warhol: Vanitas. Educators can explore partnership opportunities while earning three Act 48 credit hours.",
21+ Night: Monster Murder Mystery,"Oct 10, 2025																											   | 6:00 pm - 10:00 pm",https://downtownpittsburgh.com/events/event/?id=63893,"At the Frankenstein wedding, one of the monstrous guests is murdered – and your help is needed to solve the mystery!",
Symphonie Fantastique,"Oct 10, 2025 - Oct 12, 2025",https://downtownpittsburgh.com/events/event/?id=63912,"Berlioz’s Symphonie fantastique takes audiences on a dramatic journey from passion to madness, paired with Beethoven’s bold Fourth Piano Concerto performed by Francesco Piemontesi.",
Bracket Night PPWP Benefit,"Oct 9, 2025																											   | 7:00 pm - 9:00 pm",https://downtownpittsburgh.com/events/event/?id=63784,An interactive comedy game show benefiting Planned Parenthood of Western Pennsylvania!,
Midwest Queer Comedy Festival Opening Showcase,"Oct 9, 2025																											   | 7:30 pm - 9:00 pm",https://downtownpittsburgh.com/events/event/?id=63794,Midwest Queer Comedy Festival Opening Showcase hosted by Dwayne Duke at Arcade Comedy Theater,
The Concert: A Tribute to ABBA,"Oct 8, 2025																											   | 7:30 pm - 9:00 pm",https://downtownpittsburgh.com/events/event/?id=63879,"COME DANCE, COME SING AND HAVE THE TIME OF YOUR LIFE!",
Sound Series: Rafiq Bhatia with Special Guest!,"Oct 7, 2025																											   | 8:00 pm - 9:30 pm",https://downtownpittsburgh.com/events/event/?id=63772,"Following his three Sound Series performances, welcome back composer, producer, and guitarist, Rafiq Bhatia, visiting The Warhol Theater in a tour supporting his latest album, Environments!",
Ailey II: The Next Generation of Dance,"Oct 7, 2025																											   | 7:30 pm - 9:00 pm",https://downtownpittsburgh.com/events/event/?id=63836,Ailey II captivates audiences worldwide with powerful performances that honor Alvin Ailey’s legacy while redefining the future of modern dance.,
SIX The Musical,"Oct 7, 2025 - Sep 12, 2025",https://downtownpittsburgh.com/events/event/?id=63876,"Divorced, beheaded, died, divorced, beheaded, survived.",
Ben Folds with the Pittsburgh Symphony,"Oct 7, 2025																											   | 7:30 pm - 9:00 pm",https://downtownpittsburgh.com/events/event/?id=63911,Emmy-nominated singer-songwriter Ben Folds returns to Pittsburgh for a one-night-only concert with the Pittsburgh Symphony Orchestra.,
Fall Educator Open House,"Oct 7, 2025																											   | 5:30 pm - 8:00 pm",https://downtownpittsburgh.com/events/event/?id=63918,Explore the museum and learn about History Center teacher resources.,
Your ACT with Nonsense,"Oct 5, 2025																											   | 7:30 pm - 9:00 pm",https://downtownpittsburgh.com/events/event/?id=63796,"Tonight, the A.C.T. stage is yours! Bring your improv teams, sketch group, or stand-up act for an open mic-style show where the lineup is created on the spot.",
Pittsburgh Silent Film Festival: The Unholy Three (1925),"Oct 5, 2025																											   | 1:00 pm - 2:30 pm",https://downtownpittsburgh.com/events/event/?id=63872,"Marking the first of their eight film collaborations at MGM, in the aftermath of producer Irving Thalberg’s move from Universal, Browning and Lon Chaney teamed up for this singularly unsettling adaptation of Tod Robbins’s 1917 circus novel of the same name.",
Pittsburgh Silent Film Festival: The Gold Rush (1925),"Oct 5, 2025																											   | 7:00 pm - 9:00 pm",https://downtownpittsburgh.com/events/event/?id=63875,"With a special introduction by Chaplin expert Dan Kamin! Chaplin’s beloved classic follows the Little Tramp to the Klondike, where hardship and hunger inspire some of cinema’s most iconic comic moments, including the “dance of the dinner rolls.”",
Mr. Messado's School of Magic for the Young and Young at Heart,"Oct 5, 2025 - Oct 30, 2025",https://downtownpittsburgh.com/events/event/?id=63873,Forget everything you know about magicians pulling rabbits out of top hats. Mr. Messado brings a fresh new take on the age-old art of prestidigitation.,
Hong Kong Cinema Classics: Bullet In The Head (1990),"Oct 5, 2025 - Oct 7, 2025",https://downtownpittsburgh.com/events/event/?id=63874,"In 1967 Hong Kong, three carefree friends are forced into exile after a violent mistake, leading them to Vietnam’s black markets, wartime chaos, and a deadly test of loyalty and survival.",
Rooftop Sip and Soirée: Fall Edition,"Oct 5, 2025																											   | 6:00 pm - 9:00 pm",https://downtownpittsburgh.com/events/event/?id=63903,Golden hour meets golden leaves on the rooftop at Kimpton Hotel Monaco.,
Let's Learn Chess - Downtown Celebration,"Oct 4, 2025",https://downtownpittsburgh.com/events/event/?id=63933,"Celebrate Pittsburgh Chess Week with a all-day festival featuring giant chess board, pop-up lessons, love music, and open play!",
Gatekeepers Valkyrie,"Oct 4, 2025																											   | 4:00 pm - 7:00 pm",https://downtownpittsburgh.com/events/event/?id=63931,IS GATEKEEPING REAL? FROM WOMEN'S POV...,
The Dinner Detective Murder Mystery Dinner Show,"Oct 4, 2025																											   | 6:00 pm - 9:00 pm",https://downtownpittsburgh.com/events/event/?id=63709,"Tackle a challenging crime while you feast on a fantastic dinner. Just beware! The criminal is lurking somewhere in the room, and you may be a Prime Suspect!",
Sketch Comedy Lab,"Oct 4, 2025																											   | 7:00 pm - 8:30 pm",https://downtownpittsburgh.com/events/event/?id=63795,See cutting edge comedy and new scripted works written by some of the city's funniest up-and-coming writers.,
Panthers vs. Eagles,"Oct 4, 2025",https://downtownpittsburgh.com/events/event/?id=63766,Watch the Pittsburgh Panthers take on the Boston College Eagles at Acrisure Stadium!,
A Taste of Ireland,"Oct 4, 2025																											   | 7:30 pm - 9:30 pm",https://downtownpittsburgh.com/events/event/?id=63832,"Laugh, cry, and jig into the night with a production that is Celtic, for this generation.",
The Electric Playground: Community Day,"Oct 4, 2025																											   | 2:00 pm - 6:00 pm",https://downtownpittsburgh.com/events/event/?id=63835,"Join the AWAACC AND Hazelwood Local for or The Electric Playground, a free community celebration that brings together games, performances, and hands-on activities for all ages!",
Hong Kong Cinema Classics: Hard Boiled (1992),"Oct 4, 2025 - Oct 8, 2025",https://downtownpittsburgh.com/events/event/?id=63871,"Hard Boiled is masterful action filmmaker John Woo’s last Hong Kong film before he broke into Hollywood with Hard Target (1993), Broken Arrow (1996) and Face/Off (1997).",
Killers of Kill Tony,"Oct 4, 2025																											   | 7:00 pm - 9:00 pm",https://downtownpittsburgh.com/events/event/?id=63870,"Regulars and fan favorites from “Kill Tony”, the #1 live podcast in the world, bring their standup show on the road with “Killers of Kill Tony”.",
Song Shop Concerts,"Oct 4, 2025																											   | 11:30 am - 1:30 pm",https://downtownpittsburgh.com/events/event/?id=63929,You bring the snacks and Pittsburgh Opera brings the entertainment at the Bitz Opera Factory in free midday concert!,
Reel Q Opening Night: Short Film Retrospective,"Oct 3, 2025																											   | 7:00 pm - 9:00 pm",https://downtownpittsburgh.com/events/event/?id=63785,Celebrate Pittsburgh's vibrant filmmaking community with The Warhol!,
Come Swing with Me,"Oct 3, 2025 - Oct 5, 2025",https://downtownpittsburgh.com/events/event/?id=63866,"Hit the Las Vegas strip of the 1950’s, where the biggest names in show biz had sway and a well-poured martini was never far away...",
Queen Bitch: John Cameron Mitchell Sings David Bowie,"Oct 3, 2025																											   | 7:30 pm - 9:30 pm",https://downtownpittsburgh.com/events/event/?id=63867,"Tony Award winner John Cameron Mitchell teams up with cabaret star Amber Martin for an electrifying evening of David Bowie songs and stories, with music direction by Matt Katz-Bowen.",
Hong Kong Cinema Classics: The Killer (1989),"Oct 3, 2025 - Oct 7, 2025",https://downtownpittsburgh.com/events/event/?id=63868,"John Woo’s action classic stars Chow Yun-Fat as a hitman who joins forces with a cop after a tragic accident leaves a nightclub singer blind. A stylish blend of bullets, betrayal, and redemption.",
Let’s Read English!,"Oct 3, 2025																											   | 1:00 pm - 2:30 pm",https://downtownpittsburgh.com/events/event/?id=63892,Join the Carnegie Library of Pittsburgh to practice your English-reading skills!,
2024 Oktoberfest Pittsburgh,"Oct 2, 2025 - Oct 12, 2025",https://downtownpittsburgh.com/events/event/?id=61224,"Throughout this 11-day festival, Market Square will be transformed into a Karneval and Biergarten with activities for everyone, including Feats of Strength competitions, live music, a KinderPlay family area, and more!",
Hedwig and the Angry Inch (2001) with John Cameron Mitchell in person!,"Oct 2, 2025																											   | 7:00 pm - 9:30 pm",https://downtownpittsburgh.com/events/event/?id=63862,"The Pittsburgh Cultural Trust presents Hedwig and the Angry Inch, Mitchell’s electrifying film adaptation of his groundbreaking stage musical. Mixing punk anthems, bold visuals, and heartfelt storytelling, the film follows East German rocker Hedwig on a journey of reinvention, resilience, and self-discovery. A cult favorite that celebrates the power of identity and rock ’n’ roll.",
Celebrating 35 Years of the Italian American Program,"Oct 2, 2025																											   | 6:30 pm - 8:00 pm",https://downtownpittsburgh.com/events/event/?id=63917,Join the Heinz History Center in celebrating the 35th anniversary of the Italian American Program.,
Duquesne Pharmacy Health Fair,"Oct 1, 2025																											   | 10:00 am - 1:00 pm",https://downtownpittsburgh.com/events/event/?id=63934,Offering free health screenings and variety of free products and health information from Duquesne Pharmacy Student Organizations!,
Duquesne Pharmacy Health Fair,"Oct 1, 2025																											   | 10:00 am - 1:00 pm",https://downtownpittsburgh.com/events/event/?id=63935,Offering free health screenings and variety of free products and health information from Duquesne Pharmacy Student Organizations!,
STEM Connect 2025,"Oct 1, 2025 - Oct 4, 2025																											   | 9:00 am - 4:00 pm",https://downtownpittsburgh.com/events/event/?id=63478,"STEM Connect (Oct 1 - Oct 4) is a major convention bringing together students and professionals in STEM, partnered with a STEM Career Fair. Meet recruiters, explore amazing opportunities, and be a part of a vibrant STEM community!",
A Fest-ive October Keg Tapping Celebration!,"Oct 1, 2025																											   | 6:00 pm - 9:00 pm",https://downtownpittsburgh.com/events/event/?id=63777,Festbier Is Here!,
Noises Off,"Oct 1, 2025 - Oct 19, 2025",https://downtownpittsburgh.com/events/event/?id=63861,THE FUNNIEST PLAY OF ALL TIME? YES.,
Storytime: Family Fun,"Oct 1, 2025																											   | 10:30 am - 11:00 am",https://downtownpittsburgh.com/events/event/?id=63889,"Join the Carnegie Library of Pittsburgh for stories, songs and action rhymes.",
Teen Time,"Oct 1, 2025																											   | 3:30 pm - 4:30 pm",https://downtownpittsburgh.com/events/event/?id=63890,"Join the Carnegie Library of Pittsburgh for an hour of hands-on projects, games, music, and more.",
Laser Family Halloween,"Oct 1, 2025 - Oct 31, 2025",https://downtownpittsburgh.com/events/event/?id=63896,"Beware, viewers, you’re in for a ghoulish good time with the whole family!",
At the Illusionist's Table,"Sep 30, 2025 - Oct 4, 2025",https://downtownpittsburgh.com/events/event/?id=63864,Candles flicker. Whisky pours. Conversation stirs. Before the night is over you will have encountered the impossible.,
Hong Kong Cinema Classics: A Chinese Ghost Story (1987),"Sep 29, 2025 - Oct 3, 2025",https://downtownpittsburgh.com/events/event/?id=63843,"Step into a world of romance, fantasy, and supernatural horror as a humble tax collector falls in love with a beautiful spirit trapped by a sinister tree demon. This cult classic of Hong Kong cinema is as thrilling as it is haunting—don’t miss it on the big screen!",
Hong Kong Cinema Classics: City on Fire (1987),"Sep 29, 2025 - Oct 8, 2025",https://downtownpittsburgh.com/events/event/?id=63844,"Chow Yun-fat stars as an undercover cop caught between loyalty and duty in Ringo Lam’s gritty, socially charged heist thriller. One of Hong Kong cinema’s most influential films—and a direct inspiration for Reservoir Dogs—this rarely screened classic delivers raw tension, explosive action, and unforgettable performances.",
Hong Kong Cinema Classics: A Better Tomorrow (1986),"Sep 27, 2025 - Oct 1, 2025",https://downtownpittsburgh.com/events/event/?id=63840,"John Woo’s breakthrough film tells the gripping story of two brothers on opposite sides of the law—one a counterfeiter, the other a young police officer.",
The 4th Witch,"Sep 25, 2025 - Oct 25, 2025																											   | 7:00 pm - 9:00 pm",https://downtownpittsburgh.com/events/event/?id=63885,"Cinema’s The 4th Witch is told through shadow puppetry, actors in silhouette and live music (without dialogue or narration). This feature-length work inspired by Shakespeare’s Macbeth, depicts the story of a young girl, orphaned from war, who becomes apprenticed to three witches.",
Under The Radar,"Sep 20, 2025 - Mar 21, 2026																											   | 7:00 pm - 8:30 pm",https://downtownpittsburgh.com/events/event/?id=63449,Join us for an entertaining night of hilarious comedy at Under The Radar and support Pittsburgh's vibrant improv scene!,
La Bohème,"Sep 18, 2025 - Oct 26, 2025",https://downtownpittsburgh.com/events/event/?id=63877,"When a candle flickers, love sparks. Set against the backdrop of bohemian Paris, La Bohème follows four impoverished artists surviving with little more than friendship, passion, and their love for art.",
Co-Workers,"Sep 13, 2025 - Dec 13, 2025																											   | 8:00 pm - 9:30 pm",https://downtownpittsburgh.com/events/event/?id=63298,Co-Workers takes you behind the scenes of an everyday office where anything but the usual happens!,
"Comedy Bingo Night with Barbara, A Mother","Sep 13, 2025 - Feb 14, 2026																											   | 7:00 pm - 8:30 pm",https://downtownpittsburgh.com/events/event/?id=63700,"A comedy variety show featuring improv, characters, games, and more!",
Con Alma Late Happy Hour,"Sep 12, 2025 - Dec 12, 2025																											   | 10:00 pm - 12:00 am",https://downtownpittsburgh.com/events/event/?id=63763,"Con Alma keeps the vibes flowing with two daily Happy Hours—early evenings feature $8 Latin-style cocktails, wine, and $1 off select beers, while late nights bring $9 martinis, Old Fashioneds, and select wines.",
Stand-Up Laboratory,"Sep 4, 2025 - Dec 4, 2025																											   | 9:00 pm - 10:30 pm",https://downtownpittsburgh.com/events/event/?id=63696,"Every month, the Lab will present a mix of feature comics and a roster of comedians chosen from online submissions.",
Beta Stage,"Aug 30, 2025 - Nov 29, 2025																											   | 6:00 pm - 7:30 pm",https://downtownpittsburgh.com/events/event/?id=63695,"Support emerging talent and join us for Beta Stage, a monthly showcase of fresh comedy!",
Celebrating 45 Years of CAPA: Alumni and Faculty Exhibition,"Aug 29, 2025 - Jan 25, 2026",https://downtownpittsburgh.com/events/event/?id=63532,The Pittsburgh Cultural Trusts presenst an exhibition that celebrates the incredible talents of CAPA alumni and faculty for its 45th Anniversary.,
Irony City: Am I The Jagoff?,"Aug 2, 2025 - Dec 6, 2025																											   | 8:00 pm - 9:30 pm",https://downtownpittsburgh.com/events/event/?id=63451,Join veteran comedy troupe Irony City at Arcarde Comedy Theater as they deftly navigate social missteps on the first Saturday of each month.,
Ben Schonberger: Hi-NRG,"Jul 25, 2025 - Nov 2, 2025																											   | 11:00 am - 5:00 pm",https://downtownpittsburgh.com/events/event/?id=63282,"Join the Pittsburgh Cultural Trust for an opening reception on July 25 during our Gallery Crawl.  Ben Schonberger is a Pittsburgh-based artist whose multidisciplinary practice examines the complexities of identity, power, and the archive. Through processes of appropriation and recombination, he recontextualizes found imagery to explore the intersection of personal and collective histories.",
Black & Ghost Tour,"Apr 1, 2025 - Dec 30, 2025																											   | 7:00 pm - 9:00 pm",https://downtownpittsburgh.com/events/event/?id=62715,Experience the spookiest of Pittsburgh’s Downtown!,
2025 ATA Fall Nationals Tournament,"Oct 22, 2025 - Oct 25, 2025",https://downtownpittsburgh.com/events/event/?id=63900,"Athletes will compete through the ATA Fall National 2025–ALL AGES, ABILITIES, RANKS, AND DIVISIONS ARE WELCOME!",
2025 Clean Currents Annual Tradeshow,"Oct 14, 2025 - Oct 17, 2025",https://downtownpittsburgh.com/events/event/?id=63899,"Clean Currents stands as the foremost national waterpower tradeshow and conference, uniting professionals across diverse sectors such as conventional hydropower, pumped storage, small hydro, and marine energy.",
Greenwood Week,"Oct 9, 2025 - Oct 11, 2025",https://downtownpittsburgh.com/events/event/?id=63924,"Greenwood Week is Pittsburgh's Premiere Black Business Conference! It's an event packed with panels, parties, and people that you won't want to miss!",
RAPS Convergence 2025,"Oct 7, 2025 - Oct 9, 2025",https://downtownpittsburgh.com/events/event/?id=63927,The Regulatory Affairs Professionals Society (RAPS) is the largest global organization of professionals involved with regulatory and quality for healthcare product,
Queen's Gambit: Chess in the Square,"Oct 2, 2025 - Oct 8, 2025",https://downtownpittsburgh.com/events/event/?id=63932,"Participate in Pittsburgh's Chess Week, presented by Queen's Gambit, bringing free open play chess to Mellon Square all week!",
Small Change Makes A Big Impact!,"Oct 1, 2025 - Oct 31, 2025																											   | 11:00 am - 11:00 pm",https://downtownpittsburgh.com/events/event/?id=63779,Benefitting The UPMC Mercy Burn Center,
At the Illusionist's Table,"Sep 30, 2025 - Oct 4, 2025																											   | 5:30 pm - 7:30 pm",https://downtownpittsburgh.com/events/event/?id=63682,Don’t miss your chance to be amongst the first Pittsburgh audiences to experience this unforgettable immersive experience.,
Beauty of the Burgh Bike Tour,"Mar 1, 2025 - Nov 30, 2025																											   | 10:00 am - 1:00 pm",https://downtownpittsburgh.com/events/event/?id=61928,Explore the Burgh in this three hour history and architecture bike ride that will take you through 3 Pittsburgh neighborhoods with an expert local guide!,
Best of the Burgh Walking Tour,"Jan 1, 2025 - Dec 31, 2025																											   | 11:00 am - 1:00 pm",https://downtownpittsburgh.com/events/event/?id=61926,"Take a walk with a knowledgable local guide to explore Downtown Pittsburgh's architecture, history and culture.",
Bike the Burgh - Beauty of the Burgh Tour,"Jan 1, 2025 - Dec 22, 2025																											   | 10:00 am - 1:00 pm",https://downtownpittsburgh.com/events/event/?id=61932,This tour is perfect if you are new to the city and you would like to see the most interesting spots of Pittsburgh!,
Halloween Bar Crawls 2025,"Oct 25, 2025 - Oct 31, 2025																											   | 5:00 pm - 11:30 pm",https://downtownpittsburgh.com/events/event/?id=63716,"Pittsburgh's premier Halloween Bar Crawl & After Party, hosted by the Downtown Crawlers!",
Night of The Moth Man,"Oct 17, 2025 - Oct 31, 2025																											   | 8:00 pm - 9:30 pm",https://downtownpittsburgh.com/events/event/?id=63803,"A Special Halloween Series starring Regina Connolly, Paul Fields, Tal Kroser, Kendall White, and John Feightner as the Game Master!",
Pittsburgh Playhouse Fall Fest,"Oct 16, 2025 - Oct 26, 2025																											   | 6:00 pm - 1:00 pm",https://downtownpittsburgh.com/events/event/?id=63697,"The second annual Pittsburgh Playhouse Fall Fest features entertainment for everyone! Enjoy food & drinks, games, local vendors, arts & crafts and rolling performances of Boo's Halloween House Party!Fall Fest activities can be found all throughout the Playhouse and out on Forbes Avenue – it's a Downtown fall party like no other!  Fall Fest is free to enter, and tickets for Boo's Halloween House Party will be on sale soon. Make sure to enjoy Fall Fest before or after the show!",
Autumn Serenade Luncheon Cruise & Tour,"Oct 15, 2025 - Sep 18, 2025																											   | 12:00 pm - 2:00 pm",https://downtownpittsburgh.com/events/event/?id=63905,Enjoy an Autumn Serenade Luncheon Cruise on the Three Rivers in Pittsburgh!,
Steel City Spooky Market,"Oct 4, 2025 - Oct 25, 2025																											   | 10:00 am - 3:00 pm",https://downtownpittsburgh.com/events/event/?id=63603,"The Steel City Spooky Market awaits with thrills, chills, and eerie delights...",
The Nightmare Bar - Pittsburgh,"Oct 3, 2025 - Oct 31, 2025																											   | 5:00 pm - 9:30 pm",https://downtownpittsburgh.com/events/event/?id=63735,"Step into the shadows, sip on something sinister, and let the night unfold in ways both thrilling and unexpected",
We Learn: Basic Japanese Language and Culture,"Oct 3, 2025 - Nov 7, 2025																											   | 11:00 am - 12:00 pm",https://downtownpittsburgh.com/events/event/?id=63891,"Enjoy learning the basics of the Japanese language and culture from a certified, native Japanese instructor.",
Haunted Three Rivers Cruise,"Oct 3, 2025 - Oct 25, 2025																											   | 6:30 pm - 7:30 pm",https://downtownpittsburgh.com/events/event/?id=63906,Join the Gateway Clipper for a Haunted River Cruise on the Three Rivers!,
Haunted Three Rivers Cruise,"Oct 3, 2025 - Sep 25, 2025																											   | 8:00 pm - 9:00 pm",https://downtownpittsburgh.com/events/event/?id=63907,Join the Gateway Clipper Fleet for a Haunted River Cruise on the Three Rivers!,
Autumn Serenade Luncheon Cruise,"Oct 1, 2025 - Oct 4, 2025																											   | 12:00 pm - 2:00 pm",https://downtownpittsburgh.com/events/event/?id=63904,Set sail on a riverboat tour and celebrate the beauty of autumn along Pittsburgh’s Three Rivers.,
Con Alma Late Happy Hour,"Sep 16, 2025 - Dec 16, 2025																											   | 9:00 pm - 11:00 pm",https://downtownpittsburgh.com/events/event/?id=63762,"Con Alma keeps the vibes flowing with two daily Happy Hours—early evenings feature $8 Latin-style cocktails, wine, and $1 off select beers, while late nights bring $9 martinis, Old Fashioneds, and select wines.",
Con Alma Early Happy Hour,"Sep 16, 2025 - Dec 16, 2025																											   | 4:30 pm - 6:00 pm",https://downtownpittsburgh.com/events/event/?id=63759,"Con Alma keeps the vibes flowing with two daily Happy Hours—early evenings feature $8 Latin-style cocktails, wine, and $1 off select beers, while late nights bring $9 martinis, Old Fashioneds, and select wines.",
Cona Alma Early Happy Hour,"Sep 14, 2025 - Dec 14, 2025																											   | 4:00 pm - 5:00 pm",https://downtownpittsburgh.com/events/event/?id=63761,"Con Alma keeps the vibes flowing with two daily Happy Hours—early evenings feature $8 Latin-style cocktails, wine, and $1 off select beers, while late nights bring $9 martinis, Old Fashioneds, and select wines.",
Con Alma Early Happy Hour,"Sep 13, 2025 - Dec 13, 2025																											   | 4:00 pm - 6:00 pm",https://downtownpittsburgh.com/events/event/?id=63760,"Con Alma keeps the vibes flowing with two daily Happy Hours—early evenings feature $8 Latin-style cocktails, wine, and $1 off select beers, while late nights bring $9 martinis, Old Fashioneds, and select wines.",
Got Rights?,"Aug 21, 2025 - Dec 18, 2025																											   | 9:00 pm - 10:30 pm",https://downtownpittsburgh.com/events/event/?id=63694,"Arcade Comedy Theater presents Got Rights? - a monthly comedy open mic that celebrates and centers comedy from queer individuals, women, and femmes!",
"Michael Misko in ""I Laugh in the Face of Magic""","Aug 15, 2025 - Nov 1, 2025",https://downtownpittsburgh.com/events/event/?id=63509,Prepare to laugh 'til it hurts and question reality in the best way possible—Michael's comedy magic show is anything but ordinary.,
Visit the Old Allegheny County Jail and Museum,"Aug 4, 2025 - Nov 24, 2025																											   | 11:30 am - 1:00 pm",https://downtownpittsburgh.com/events/event/?id=63165,Open all year on the 1st and 3rd Mondays of the month except on Court holidays.,
COMP/TECH Competition & Technique Training Fall Semester,"Aug 3, 2025 - Nov 30, 2025																											   | 4:30 pm - 6:30 pm",https://downtownpittsburgh.com/events/event/?id=63551,"Even if you have ZERO interest in competing or performing, this will help take your social dancing to the next level!",
Gateway Clipper Fleet Captains Dinner,"Jul 26, 2025 - Nov 29, 2025																											   | 6:30 pm - 9:00 pm",https://downtownpittsburgh.com/events/event/?id=55515,Captain’s Dinner Cruise & Tour The Gateway Clipper’s Signature Dinner Cruise & Tour,
BBQ Lock and Dam Dinner Cruise & Tour,"Jul 10, 2025 - Oct 30, 2025																											   | 6:00 pm - 9:30 pm",https://downtownpittsburgh.com/events/event/?id=63377,"Come aboard a classic Pittsburgh dining and sightseeing cruise that is fun and exciting for the entire family! Enjoy our BBQ Buffet, passage through a Lock and Dam, music, and the beautiful sights of the Three Rivers!",
Bikes & Brews Tour,"Jun 28, 2025 - Dec 28, 2025																											   | 2:00 pm - 5:30 pm",https://downtownpittsburgh.com/events/event/?id=63125,"Bike the Burgh tour tour packed with lots of history, facts about beer making, and beer samples from each of the places we stop at",
Yoga in the Square – PPG Plaza Edition!,"May 11, 2025 - Oct 14, 2025																											   | 5:30 pm - 6:30 pm",https://downtownpittsburgh.com/events/event/?id=63092,"Yoga in the Square is back for the 2025 season – in a new location! Relax and unwind in PPG Plaza with our free, weekly yoga classes.",
Yoga in the Square - PPG Plaza Edition!,"May 11, 2025 - Oct 12, 2025																											   | 10:00 am - 11:00 am",https://downtownpittsburgh.com/events/event/?id=62903,"Yoga in the Square is back for the 2025 season – in a new location! Relax and unwind in PPG Plaza with our free, weekly yoga classes.",
Mellon Lunchtime Concerts,"May 11, 2025 - Oct 31, 2025																											   | 11:00 am - 2:00 pm",https://downtownpittsburgh.com/events/event/?id=63096,"Enjoy live performances all week long with daily lunchtime concerts, Sunday through Saturday. Stop by Tuesday through Thursday to grab a bite from rotating food vendors!",
Captain's Dinner Cruise & Tour,"May 3, 2025 - Nov 29, 2025																											   | 6:30 pm - 9:00 pm",https://downtownpittsburgh.com/events/event/?id=62885,"Looking for a fun and unique evening out in Pittsburgh? Come aboard our Captain’s Dinner Cruise & Tour for a fabulous dinner, music and dancing and fabulous views of the city skyline! Bring a date, a group of friends, or the whole family and just have fun out on the water in Pittsburgh!",
Skyline Dinner Cruise,"Apr 25, 2025 - Oct 24, 2025																											   | 6:00 pm - 8:30 pm",https://downtownpittsburgh.com/events/event/?id=62639,"The weekend is the time to relax, unwind, and have fun! Join the Gateway Clipper crew out on the water aboard our Sunset Dinner Cruise. Sailing Friday evenings, this cruise features the fabulous sunset dinner buffet with delicious hometown favorites, music, and the beautiful sunset on the Three Rivers. Bring family, friends, colleagues, or that special someone and just enjoy yourself out on the river this weekend!",
Black & Gold Sports History Tour,"Apr 13, 2025 - Dec 28, 2025																											   | 10:30 am - 12:00 pm",https://downtownpittsburgh.com/events/event/?id=62741,The perfect walking tour for sports fans!,
Three Rivers Sightseeing Cruise,"Apr 5, 2025 - Nov 1, 2025",https://downtownpittsburgh.com/events/event/?id=62637,"The only way to see the City of Pittsburgh and truly learn about her past, present and future is aboard one of the Gateway Clipper's Sightseeing Cruises.",
Whiskey Rebellion & Prohibition Tour,"Apr 5, 2025 - Nov 30, 2025																											   | 2:30 pm - 5:00 pm",https://downtownpittsburgh.com/events/event/?id=62653,"Join Walk the Burgh for their cocktail tour! From the mill to the still, whiskey has been a cornerstone in Pittsburgh's history. Come downtown for the whiskey tour where you will discover how whiskey has fueled political, labor and social movements throughout the region.",
Comedy Bus Tour,"Jan 31, 2025 - Dec 31, 2025																											   | 7:00 pm - 8:30 pm",https://downtownpittsburgh.com/events/event/?id=62069,Get ready for a sightseeing tour like no other! Hop aboard the Burgh Bus where the laughter never stops. Enjoy stunning skyline views and hilarious local comedians!,
