Name,Link,UpcomingEvents,Place,Time
Dark Angel,https://pittsburgh.events/tickets/dark-angel/,1,Spirit Hall,"Oct 1, 2025 6:30 PM"
Alice Cooper,https://pittsburgh.events/tickets/alice-cooper/,1,The Pavilion At Star Lake,"Oct 1, 2025 6:45 PM"
The Original Kenny Rogers Band,https://pittsburgh.events/tickets/the-original-kenny-rogers-band/,1,Palace Theatre - PA,"Oct 1, 2025 7:30 PM"
Joe Torry,https://pittsburgh.events/tickets/joe-torry/,1,City Winery - Pittsburgh,"Oct 1, 2025 7:30 PM"
Alexandra Kay,https://pittsburgh.events/tickets/alexandra-kay/,1,Stage AE,"Oct 1, 2025 8:00 PM"
Pool Kids,https://pittsburgh.events/tickets/pool-kids/,1,Thunderbird Cafe,"Oct 1, 2025 8:00 PM"
Gottmik,https://pittsburgh.events/event/gottmik-vs-violet-chachki-mckees-rocks-wednesday-october-1-2025-800-pm/,1,Roxian Theatre,"Oct 1, 2025 8:00 PM"
Toad The Wet Sprocket,https://pittsburgh.events/tickets/toad-the-wet-sprocket/,1,Carnegie of Homestead Music Hall,"Oct 1, 2025 8:00 PM"
Archers - Artist,https://pittsburgh.events/tickets/archers-artist/,1,Thunderbird Cafe,"Oct 2, 2025 7:00 PM"
Steve Trevino,https://pittsburgh.events/tickets/steve-trevino/,5,Pittsburgh Improv,"Oct 2, 2025 7:00 PM"
The Floozies,https://pittsburgh.events/tickets/the-floozies/,1,Roxian Theatre,"Oct 2, 2025 7:00 PM"
Hannah Berner,https://pittsburgh.events/tickets/hannah-berner/,1,Carnegie Music Hall of Oakland - Pittsburgh,"Oct 2, 2025 7:30 PM"
Yacht Rocket,https://pittsburgh.events/tickets/yacht-rocket/,1,City Winery - Pittsburgh,"Oct 2, 2025 7:30 PM"
The Waterview Band,https://pittsburgh.events/tickets/the-waterview-band/,1,Jergel's Rhythm Grille,"Oct 2, 2025 7:30 PM"
My Life - Billy Joel Tribute,https://pittsburgh.events/tickets/my-life-billy-joel-tribute/,1,Palace Theatre - PA,"Oct 2, 2025 7:30 PM"
Golden Apples,https://pittsburgh.events/tickets/golden-apples/,1,Bottlerocket Social Hall,"Oct 2, 2025 8:00 PM"
Killer Queen,https://pittsburgh.events/tickets/killer-queen/,1,Capitol Theatre - Wheeling,"Oct 2, 2025 8:00 PM"
Masters of Illusion,https://pittsburgh.events/tickets/masters-of-illusion/,1,Carnegie of Homestead Music Hall,"Oct 2, 2025 8:00 PM"
Chrisette Michele,https://pittsburgh.events/tickets/chrisette-michele/,2,City Winery - Pittsburgh,"Oct 3, 2025 6:00 PM"
Biohazard,https://pittsburgh.events/tickets/biohazard/,1,Preserving Underground,"Oct 3, 2025 6:30 PM"
Lorde,https://pittsburgh.events/tickets/lorde/,1,Petersen Events Center,"Oct 3, 2025 7:00 PM"
Pittsburgh Penguins,https://pittsburgh.events/tickets/pittsburgh-penguins/,6,PPG Paints Arena,"Oct 3, 2025 7:00 PM"
Pittsburgh Panthers Women's Volleyball,https://pittsburgh.events/tickets/pittsburgh-panthers-womens-volleyball/,4,Fitzgerald Field House,"Oct 3, 2025 7:00 PM"
John Cameron Mitchell,https://pittsburgh.events/tickets/john-cameron-mitchell/,1,Byham Theater,"Oct 3, 2025 7:30 PM"
Johnstown Tomahawks,https://pittsburgh.events/tickets/johnstown-tomahawks/,4,1st Summit Arena at Cambria County War Memorial,"Oct 3, 2025 7:30 PM"
Dylan Scott,https://pittsburgh.events/tickets/dylan-scott/,1,UPMC Events Center,"Oct 3, 2025 7:30 PM"
Pittsburgh Symphony Orchestra,https://pittsburgh.events/tickets/pittsburgh-symphony-orchestra/,9,Heinz Hall,"Oct 3, 2025 7:30 PM"
Reb Beach,https://pittsburgh.events/tickets/reb-beach/,1,Jergel's Rhythm Grille,"Oct 3, 2025 8:00 PM"
Geoff Tate's Operation: Mindcrime,https://pittsburgh.events/tickets/geoff-tates-operation-mindcrime/,1,Palace Theatre - PA,"Oct 3, 2025 8:00 PM"
Feeble Little Horse,https://pittsburgh.events/tickets/feeble-little-horse/,1,Mr Small's Theatre,"Oct 3, 2025 8:00 PM"
Yvette Segan,https://pittsburgh.events/tickets/yvette-segan/,1,Bottlerocket Social Hall,"Oct 3, 2025 8:00 PM"
The Roast of Twilight,https://pittsburgh.events/tickets/the-roast-of-twilight/,1,Mr Small's Fun House,"Oct 3, 2025 8:00 PM"
Candlelight: Tribute to Queen,https://pittsburgh.events/tickets/candlelight-a-tribute-to-queen/,1,Trinity Episcopal Cathedral - Pittsburgh,"Oct 3, 2025 8:45 PM"
Party Iconic: Hot To Go,https://pittsburgh.events/tickets/party-iconic-hot-to-go/,1,Crafthouse Stage & Grill,"Oct 3, 2025 9:00 PM"
Pittsburgh Panthers Football,https://pittsburgh.events/tickets/pittsburgh-panthers-football/,4,Gameday Hospitality - Pittsburgh,"Oct 4, 2025 3:30 AM"
Gospel Melodies Day Party & Brunch,https://pittsburgh.events/tickets/gospel-melodies-day-party-brunch/,1,City Winery - Pittsburgh,"Oct 4, 2025 12:00 PM"
Duquesne Dukes Football,https://pittsburgh.events/tickets/duquesne-dukes-football/,2,Rooney Field,"Oct 4, 2025 12:00 PM"
West Liberty Hilltoppers Football,https://pittsburgh.events/tickets/west-liberty-hilltoppers-football/,2,West Family Stadium,"Oct 4, 2025 1:00 PM"
IUP Crimson Hawks Football,https://pittsburgh.events/tickets/iup-crimson-hawks-football/,2,Miller Stadium at Indiana University of PA,"Oct 4, 2025 2:00 PM"
Wheeling Univeristy Cardinals Football,https://pittsburgh.events/tickets/wheeling-univeristy-cardinals-football/,3,Bishop Schmitt Field,"Oct 4, 2025 3:30 PM"
Youngstown State Penguins Football,https://pittsburgh.events/tickets/youngstown-state-penguins-football/,2,Stambaugh Stadium,"Oct 4, 2025 6:00 PM"
Fuming Mouth,https://pittsburgh.events/tickets/fuming-mouth/,1,Preserving Underground,"Oct 4, 2025 6:30 PM"
Nurse Blake,https://pittsburgh.events/tickets/nurse-blake/,1,Carnegie of Homestead Music Hall,"Oct 4, 2025 7:00 PM"
Rock & Roll Doo Wop,https://pittsburgh.events/event/rock-and-roll-doo-wop-wheeling-saturday-october-4-2025-700-pm/,1,Capitol Theatre - Wheeling,"Oct 4, 2025 7:00 PM"
Killers of Kill Tony,https://pittsburgh.events/tickets/killers-of-kill-tony/,1,Benedum Center,"Oct 4, 2025 7:00 PM"
Seph Schlueter,https://pittsburgh.events/tickets/seph-schlueter/,1,Word of Life Church - PA,"Oct 4, 2025 7:00 PM"
Integrity Pro Boxing,https://pittsburgh.events/tickets/integrity-pro-boxing/,1,Hollywood Casino at The Meadows,"Oct 4, 2025 7:00 PM"
Tropidelic,https://pittsburgh.events/tickets/tropidelic/,1,Stage AE,"Oct 4, 2025 7:00 PM"
The Clarks,https://pittsburgh.events/tickets/the-clarks/,1,The Kovalchick Convention and Athletic Complex - Ed Fry Arena,"Oct 4, 2025 7:00 PM"
A Taste of Ireland,https://pittsburgh.events/event/a-taste-of-ireland-pittsburgh-saturday-october-4-2025-730-pm/,2,Byham Theater,"Oct 4, 2025 7:30 PM"
The Tijuana Brass,https://pittsburgh.events/tickets/tijuana-brass/,1,Palace Theatre - PA,"Oct 4, 2025 7:30 PM"
Chanel West Coast,https://pittsburgh.events/tickets/chanel-west-coast/,1,City Winery - Pittsburgh,"Oct 4, 2025 7:30 PM"
Here Come The Mummies,https://pittsburgh.events/tickets/here-come-the-mummies/,1,Jergel's Rhythm Grille,"Oct 4, 2025 7:30 PM"
2000s Rave,https://pittsburgh.events/tickets/2000s-rave/,1,Mr Small's Fun House,"Oct 4, 2025 8:00 PM"
Chad Damiani,https://pittsburgh.events/tickets/chad-damiani/,1,Bottlerocket Social Hall,"Oct 4, 2025 8:00 PM"
Strutter,https://pittsburgh.events/tickets/strutter/,1,Wheeling Island Showroom,"Oct 4, 2025 8:00 PM"
Jo Koy,https://pittsburgh.events/tickets/jo-koy/,1,PPG Paints Arena,"Oct 4, 2025 8:00 PM"
Anamanaguchi,https://pittsburgh.events/tickets/anamanaguchi/,1,Mr Small's Theatre,"Oct 4, 2025 8:00 PM"
sombr,https://pittsburgh.events/tickets/sombr/,1,Petersen Events Center,"Oct 5, 2025 7:00 PM"
Ami Taf Ra,https://pittsburgh.events/tickets/ami-taf-ra/,1,City Winery - Pittsburgh,"Oct 5, 2025 7:30 PM"
Equipment - Band,https://pittsburgh.events/tickets/equipment-band/,1,Bottlerocket Social Hall,"Oct 5, 2025 8:00 PM"
Evil Dead In Concert - A Live To Film Experience,https://pittsburgh.events/tickets/evil-dead-in-concert-a-live-to-film-experience/,1,Carnegie of Homestead Music Hall,"Oct 5, 2025 8:00 PM"
Allan Rayman,https://pittsburgh.events/tickets/allan-rayman/,1,Mr Small's Fun House,"Oct 5, 2025 8:00 PM"
Brent Cobb,https://pittsburgh.events/tickets/brent-cobb/,1,Thunderbird Cafe,"Oct 5, 2025 8:00 PM"
Villain of the Story,https://pittsburgh.events/tickets/villain-of-the-story/,1,Preserving Underground,"Oct 6, 2025 6:30 PM"
Boozy Bingo,https://pittsburgh.events/event/boozy-bingo-pittsburgh-monday-october-6-2025-700-pm/,1,City Winery - Pittsburgh,"Oct 6, 2025 7:00 PM"
Goon - Band,https://pittsburgh.events/tickets/goon-band/,1,Crafthouse Stage & Grill,"Oct 6, 2025 8:00 PM"
Pat Metheny,https://pittsburgh.events/tickets/pat-metheny/,1,Carnegie of Homestead Music Hall,"Oct 6, 2025 8:00 PM"
Silent Theory,https://pittsburgh.events/tickets/silent-theory/,1,Preserving Underground,"Oct 7, 2025 6:30 PM"
Alvin Ailey American Dance Theater,https://pittsburgh.events/tickets/alvin-ailey-american-dance-theater/,1,August Wilson Center,"Oct 7, 2025 7:00 PM"
Ben Folds,https://pittsburgh.events/tickets/ben-folds/,1,Heinz Hall,"Oct 7, 2025 7:30 PM"
Six The Musical,https://pittsburgh.events/tickets/six-the-musical/,8,Benedum Center,"Oct 7, 2025 7:30 PM"
Judith Hill,https://pittsburgh.events/tickets/judith-hill/,1,City Winery - Pittsburgh,"Oct 7, 2025 7:30 PM"
Elvis Costello and The Imposters,https://pittsburgh.events/tickets/elvis-costello-and-the-imposters/,1,Capitol Theatre - Wheeling,"Oct 7, 2025 8:00 PM"
T-Pain,https://pittsburgh.events/tickets/t-pain/,1,Stage AE,"Oct 7, 2025 8:00 PM"
Destroyer,https://pittsburgh.events/tickets/destroyer/,1,Mr Small's Theatre,"Oct 7, 2025 8:00 PM"
Raphael Saadiq,https://pittsburgh.events/tickets/raphael-saadiq/,1,Roxian Theatre,"Oct 7, 2025 8:00 PM"
The Vampire Circus,https://pittsburgh.events/event/the-vampire-circus-greensburg-wednesday-october-8-2025-730-pm/,3,Palace Theatre - PA,"Oct 8, 2025 7:30 PM"
The Concert - A Tribute to ABBA,https://pittsburgh.events/tickets/the-concert-a-tribute-to-abba/,1,Byham Theater,"Oct 8, 2025 7:30 PM"
The Ragged Co.,https://pittsburgh.events/tickets/the-ragged-co/,1,Jergel's Rhythm Grille,"Oct 8, 2025 7:30 PM"
BRNDA,https://pittsburgh.events/tickets/brnda/,1,Mr Small's Fun House,"Oct 8, 2025 8:00 PM"
The Psychedelic Furs,https://pittsburgh.events/tickets/the-psychedelic-furs/,1,Carnegie Music Hall of Oakland - Pittsburgh,"Oct 8, 2025 8:00 PM"
Tune-yards,https://pittsburgh.events/tickets/tune-yards/,1,Mr Small's Theatre,"Oct 8, 2025 8:00 PM"
MasterChef Live!,https://pittsburgh.events/event/masterchef-all-stars-live-wheeling-thursday-october-9-2025-700-pm/,1,Capitol Theatre - Wheeling,"Oct 9, 2025 7:00 PM"
Silver Stallion - Tribute to The Highwaymen,https://pittsburgh.events/tickets/silver-stallion-tribute-to-the-highwaymen/,1,Kovalchick Convention and Athletic Complex - Toretti Auditorium,"Oct 9, 2025 7:00 PM"
Crowder,https://pittsburgh.events/tickets/crowder/,1,Petersen Events Center,"Oct 9, 2025 7:00 PM"
Forever Seger - The Silver Bullet Experience,https://pittsburgh.events/tickets/forever-seger-the-silver-bullet-experience/,1,Palace Theatre - PA,"Oct 9, 2025 7:30 PM"
Chase Wright,https://pittsburgh.events/tickets/chase-wright/,1,Crafthouse Stage & Grill,"Oct 9, 2025 7:30 PM"
The Samples,https://pittsburgh.events/tickets/the-samples/,1,City Winery - Pittsburgh,"Oct 9, 2025 7:30 PM"
Leftover Salmon,https://pittsburgh.events/tickets/leftover-salmon/,1,Roxian Theatre,"Oct 9, 2025 8:00 PM"
Hailey Whitters,https://pittsburgh.events/tickets/hailey-whitters/,1,Jergel's Rhythm Grille,"Oct 9, 2025 8:00 PM"
Benny Feldman,https://pittsburgh.events/tickets/benny-feldman/,1,Bottlerocket Social Hall,"Oct 9, 2025 8:00 PM"
Jurassic Quest,https://pittsburgh.events/tickets/jurassic-quest/,3,UPMC Events Center,"Oct 10, 2025 3:30 AM"
Tony Roberts,https://pittsburgh.events/tickets/tony-roberts/,5,Pittsburgh Improv,"Oct 10, 2025 7:00 PM"
Youngstown Phantoms,https://pittsburgh.events/tickets/youngstown-phantoms/,5,Covelli Centre - Youngstown,"Oct 10, 2025 7:05 PM"
Jeff Daniels,https://pittsburgh.events/tickets/jeff-daniels/,1,City Winery - Pittsburgh,"Oct 10, 2025 7:30 PM"
Peach Pit,https://pittsburgh.events/tickets/peach-pit/,1,Roxian Theatre,"Oct 10, 2025 8:00 PM"
Phoebe Katis,https://pittsburgh.events/tickets/phoebe-katis/,1,Club Cafe,"Oct 10, 2025 8:00 PM"
Toner - Artist,https://pittsburgh.events/tickets/toner-artist/,1,Bottlerocket Social Hall,"Oct 10, 2025 8:00 PM"
No Bad Juju,https://pittsburgh.events/tickets/no-bad-juju/,1,Jergel's Rhythm Grille,"Oct 10, 2025 8:00 PM"
Tragic Kingdom,https://pittsburgh.events/tickets/tragic-kingdom/,1,Mr Small's Theatre,"Oct 10, 2025 8:00 PM"
Warped Band - Tribute to Warped Tour,https://pittsburgh.events/tickets/warped-band-tribute-to-warped-tour/,1,Rayne Drop Inn II,"Oct 10, 2025 8:00 PM"
Rocky Horror Picture Show,https://pittsburgh.events/tickets/rocky-horror-picture-show/,1,Palace Theatre - PA,"Oct 10, 2025 8:00 PM"
Seton Hill Griffins Football,https://pittsburgh.events/tickets/seton-hill-griffins-football/,2,Offutt Field,"Oct 11, 2025 12:00 PM"
Robert Morris Colonials Football,https://pittsburgh.events/tickets/robert-morris-colonials-football/,1,Joe Walton Stadium,"Oct 11, 2025 2:00 PM"
Jesse Roper,https://pittsburgh.events/tickets/jesse-roper/,1,Club Cafe,"Oct 11, 2025 7:00 PM"
Amanda: She Didn't Mean to Die,https://pittsburgh.events/tickets/amanda-she-didnt-mean-to-die/,1,Edward W. Powers Auditorium At DeYor PAC,"Oct 11, 2025 7:00 PM"
Diamond Anniversary Pro Classic,https://pittsburgh.events/tickets/diamond-anniversary-pro-classic/,1,1st Summit Arena at Cambria County War Memorial,"Oct 11, 2025 7:00 PM"
Pittsburgh Riverhounds SC,https://pittsburgh.events/tickets/pittsburgh-riverhounds/,2,Highmark Stadium - Pittsburgh,"Oct 11, 2025 7:00 PM"
Neal McCoy,https://pittsburgh.events/tickets/neal-mccoy/,1,Capitol Theatre - Wheeling,"Oct 11, 2025 7:30 PM"
Donnie Iris and The Cruisers,https://pittsburgh.events/tickets/donnie-iris-and-the-cruisers/,1,Jergel's Rhythm Grille,"Oct 11, 2025 7:30 PM"
Aakash Odedra Company,https://pittsburgh.events/tickets/aakash-odedra-company/,1,Byham Theater,"Oct 11, 2025 7:30 PM"
One Night In Memphis,https://pittsburgh.events/tickets/one-night-in-memphis/,1,Westminster College Orr Auditorium,"Oct 11, 2025 7:30 PM"
G Flip,https://pittsburgh.events/tickets/g-flip/,1,Stage AE,"Oct 11, 2025 8:00 PM"
Haunted Objects Live,https://pittsburgh.events/tickets/haunted-objects-live/,1,Roxian Theatre,"Oct 11, 2025 8:00 PM"
High Fade,https://pittsburgh.events/tickets/high-fade/,1,123 Pleasant Street,"Oct 11, 2025 8:00 PM"
Craig Finn,https://pittsburgh.events/tickets/craig-finn/,1,Mr Small's Theatre,"Oct 11, 2025 8:00 PM"
Delicate Steve,https://pittsburgh.events/tickets/delicate-steve/,1,Thunderbird Cafe,"Oct 11, 2025 8:00 PM"
Pittsburgh Steelers,https://pittsburgh.events/tickets/pittsburgh-steelers/,5,Tailgreeter All-Inclusive Tailgate - Acrisure Stadium,"Oct 12, 2025 3:30 AM"
Pittsburgh Festival Opera,https://pittsburgh.events/tickets/pittsburgh-festival-opera/,1,Kelly-Strayhorn Theater,"Oct 12, 2025 3:00 PM"
Tuk Smith and The Restless Hearts,https://pittsburgh.events/tickets/tuk-smith-and-the-restless-hearts/,1,Crafthouse Stage & Grill,"Oct 12, 2025 7:00 PM"
200 Stab Wounds,https://pittsburgh.events/tickets/200-stab-wounds/,1,Preserving Underground,"Oct 12, 2025 7:00 PM"
John Cleese,https://pittsburgh.events/tickets/john-cleese/,1,Capitol Theatre - Wheeling,"Oct 12, 2025 7:30 PM"
Billy Raffoul,https://pittsburgh.events/tickets/billy-raffoul/,1,Thunderbird Cafe,"Oct 12, 2025 8:00 PM"
Foil Arms & Hog,https://pittsburgh.events/event/foil-arms-and-hog-homestead-sunday-october-12-2025-800-pm/,1,Carnegie of Homestead Music Hall,"Oct 12, 2025 8:00 PM"
Think X - An Exploration of the Music of Pink Floyd,https://pittsburgh.events/tickets/think-x-an-exploration-of-the-music-of-pink-floyd/,1,City Winery - Pittsburgh,"Oct 13, 2025 7:30 PM"
Cole Chaney,https://pittsburgh.events/tickets/cole-chaney/,1,Thunderbird Cafe,"Oct 13, 2025 8:00 PM"
Aly & Aj,https://pittsburgh.events/tickets/aly-aj/,1,Stage AE,"Oct 14, 2025 7:00 PM"
Garrison Keillor,https://pittsburgh.events/tickets/garrison-keillor/,1,City Winery - Pittsburgh,"Oct 14, 2025 7:30 PM"
Anella,https://pittsburgh.events/tickets/anella/,1,Crafthouse Stage & Grill,"Oct 14, 2025 7:30 PM"
Il Divo,https://pittsburgh.events/tickets/il-divo/,1,Byham Theater,"Oct 14, 2025 7:30 PM"
David Archuleta,https://pittsburgh.events/tickets/david-archuleta/,1,Thunderbird Cafe,"Oct 14, 2025 8:00 PM"
Jukebox The Ghost,https://pittsburgh.events/tickets/jukebox-the-ghost/,1,Mr Small's Theatre,"Oct 14, 2025 8:00 PM"
Tate McRae,https://pittsburgh.events/tickets/tate-mcrae/,1,PPG Paints Arena,"Oct 15, 2025 7:00 PM"
Violent Femmes,https://pittsburgh.events/tickets/violent-femmes/,1,Stage AE,"Oct 15, 2025 8:00 PM"
Clem Snide,https://pittsburgh.events/tickets/clem-snide/,1,Mr Small's Fun House,"Oct 15, 2025 8:00 PM"
The Spill Canvas,https://pittsburgh.events/tickets/the-spill-canvas/,1,Jergel's Rhythm Grille,"Oct 15, 2025 8:00 PM"
Alien Boy,https://pittsburgh.events/tickets/alien-boy/,1,Bottlerocket Social Hall,"Oct 15, 2025 8:00 PM"
Petey USA,https://pittsburgh.events/tickets/petey-usa/,1,Mr Small's Theatre,"Oct 15, 2025 8:00 PM"
Lawrence - Band,https://pittsburgh.events/tickets/lawrence-band/,1,Roxian Theatre,"Oct 15, 2025 8:00 PM"
Mike Epps,https://pittsburgh.events/tickets/mike-epps/,5,Pittsburgh Improv,"Oct 16, 2025 7:00 PM"
Counterparts,https://pittsburgh.events/tickets/counterparts/,1,Roxian Theatre,"Oct 16, 2025 7:00 PM"
Emily Ann Roberts,https://pittsburgh.events/tickets/emily-ann-roberts/,1,City Winery - Pittsburgh,"Oct 16, 2025 7:30 PM"
Mrs. Doubtfire - The Musical,https://pittsburgh.events/tickets/mrs-doubtfire-the-musical/,1,Lyell B Clay Concert Theatre - WVU,"Oct 16, 2025 7:30 PM"
The Glorious Rabbits,https://pittsburgh.events/tickets/the-glorious-rabbits/,1,Jergel's Rhythm Grille,"Oct 16, 2025 7:30 PM"
Robbie Fulks,https://pittsburgh.events/tickets/robbie-fulks/,1,Crafthouse Stage & Grill,"Oct 16, 2025 7:30 PM"
Buffalo Wabs and The Pricehill Hustle,https://pittsburgh.events/tickets/buffalo-wabs-and-the-pricehill-hustle/,1,Club Cafe,"Oct 16, 2025 8:00 PM"
Frog - Band,https://pittsburgh.events/tickets/frog-band/,1,Bottlerocket Social Hall,"Oct 16, 2025 8:00 PM"
Pokey LaFarge,https://pittsburgh.events/tickets/pokey-lafarge/,1,Thunderbird Cafe,"Oct 16, 2025 8:00 PM"
Margaret Glaspy,https://pittsburgh.events/tickets/margaret-glaspy/,1,City Winery - Pittsburgh,"Oct 17, 2025 7:30 PM"
Upchuck,https://pittsburgh.events/tickets/upchuck/,1,Bottlerocket Social Hall,"Oct 17, 2025 8:00 PM"
The Clintones,https://pittsburgh.events/tickets/the-clintones/,1,Jergel's Rhythm Grille,"Oct 17, 2025 8:00 PM"
SamJAMwich,https://pittsburgh.events/tickets/samjamwich/,1,Mr Small's Fun House,"Oct 17, 2025 9:00 PM"
Slippery Rock University Rockets Football,https://pittsburgh.events/tickets/slippery-rock-university-rockets-football/,1,Milhalik-Thompson Stadium,"Oct 18, 2025 1:00 PM"
My Cousin Tiera,https://pittsburgh.events/tickets/my-cousin-tiera/,1,City Winery - Pittsburgh,"Oct 18, 2025 7:30 PM"
Jesse McCartney,https://pittsburgh.events/tickets/jesse-mccartney/,1,Roxian Theatre,"Oct 18, 2025 7:30 PM"
Westmoreland Symphony Orchestra,https://pittsburgh.events/tickets/westmoreland-symphony-orchestra/,1,Palace Theatre - PA,"Oct 18, 2025 7:30 PM"
Cody Johnson,https://pittsburgh.events/tickets/cody-johnson/,1,PPG Paints Arena,"Oct 18, 2025 7:30 PM"
Hovvdy,https://pittsburgh.events/tickets/hovvdy/,1,Spirit Hall,"Oct 18, 2025 8:00 PM"
Spencer Crandall,https://pittsburgh.events/tickets/spencer-crandall/,1,Jergel's Rhythm Grille,"Oct 18, 2025 8:00 PM"
Sabbath - Tribute to Black Sabbath,https://pittsburgh.events/tickets/sabbath-tribute-to-black-sabbath/,1,Wheeling Island Showroom,"Oct 18, 2025 8:00 PM"
The Sword,https://pittsburgh.events/tickets/the-sword/,1,Mr Small's Theatre,"Oct 18, 2025 8:00 PM"
Smokin Betties Burlesque,https://pittsburgh.events/tickets/smokin-betties-burlesque/,1,Club Cafe,"Oct 18, 2025 9:00 PM"
Dead Side of the Peach 3,https://pittsburgh.events/tickets/dead-side-of-the-peach-3/,1,Mr Small's Fun House,"Oct 18, 2025 9:00 PM"
Pittsburgh Panthers Basketball,https://pittsburgh.events/tickets/pittsburgh-panthers-basketball/,1,Petersen Events Center,"Oct 19, 2025 3:30 AM"
Kings of Thrash,https://pittsburgh.events/tickets/kings-of-thrash/,1,Crafthouse Stage & Grill,"Oct 19, 2025 6:00 PM"
Mountain Stage,https://pittsburgh.events/tickets/mountain-stage/,1,Lyell B Clay Concert Theatre - WVU,"Oct 19, 2025 7:00 PM"
Andrew Callaghan,https://pittsburgh.events/tickets/andrew-callaghan/,1,Stage AE,"Oct 19, 2025 7:30 PM"
Lee Ritenour,https://pittsburgh.events/tickets/lee-ritenour/,1,City Winery - Pittsburgh,"Oct 19, 2025 7:30 PM"
Marc Cohn,https://pittsburgh.events/tickets/marc-cohn/,1,Palace Theatre - PA,"Oct 19, 2025 7:30 PM"
Mumford & Sons,https://pittsburgh.events/tickets/mumford-sons/,1,PPG Paints Arena,"Oct 19, 2025 7:30 PM"
The Frights,https://pittsburgh.events/tickets/the-frights/,1,Thunderbird Cafe,"Oct 19, 2025 8:00 PM"
Bethel Music,https://pittsburgh.events/tickets/bethel-music/,1,Palace Theatre - PA,"Oct 20, 2025 7:00 PM"
Paul Bielatowicz's Nosferatu Undead,https://pittsburgh.events/tickets/paul-bielatowiczs-nosferatu-undead/,1,Preserving Underground,"Oct 20, 2025 7:00 PM"
Seether,https://pittsburgh.events/tickets/seether/,1,Covelli Centre - Youngstown,"Oct 20, 2025 7:00 PM"
Jensen McRae,https://pittsburgh.events/tickets/jensen-mcrae/,1,Thunderbird Cafe,"Oct 20, 2025 8:00 PM"
Mushroomhead,https://pittsburgh.events/tickets/mushroomhead/,1,Preserving Underground,"Oct 21, 2025 7:00 PM"
Maddox Batson,https://pittsburgh.events/tickets/maddox-batson/,1,Stage AE,"Oct 21, 2025 7:30 PM"
Rodney Crowell,https://pittsburgh.events/tickets/rodney-crowell/,1,City Winery - Pittsburgh,"Oct 21, 2025 7:30 PM"
Buckcherry,https://pittsburgh.events/tickets/buckcherry/,1,Jergel's Rhythm Grille,"Oct 21, 2025 8:00 PM"
Chaparelle,https://pittsburgh.events/tickets/chaparelle/,1,Thunderbird Cafe,"Oct 21, 2025 8:00 PM"
The Haunt - Show,https://pittsburgh.events/tickets/the-haunt-show/,1,Preserving Underground,"Oct 22, 2025 6:30 PM"
Radio45,https://pittsburgh.events/tickets/radio45/,1,Jergel's Rhythm Grille,"Oct 22, 2025 7:00 PM"
Hip Hop and R&B Bingo With Tom Swoope,https://pittsburgh.events/tickets/hip-hop-and-rb-bingo-with-tom-swoope/,2,City Winery - Pittsburgh,"Oct 22, 2025 7:30 PM"
Chain - Band,https://pittsburgh.events/tickets/chain-band/,1,Bottlerocket Social Hall,"Oct 22, 2025 8:00 PM"
Pretty Jane,https://pittsburgh.events/tickets/pretty-jane/,1,Club Cafe,"Oct 22, 2025 8:00 PM"
Melvin Seals,https://pittsburgh.events/tickets/melvin-seals/,1,Thunderbird Cafe,"Oct 22, 2025 8:00 PM"
B. Simone,https://pittsburgh.events/tickets/b-simone-2/,5,Pittsburgh Improv,"Oct 23, 2025 7:00 PM"
Texas Hippie Coalition,https://pittsburgh.events/tickets/texas-hippie-coalition/,1,Crafthouse Stage & Grill,"Oct 23, 2025 7:00 PM"
Jim Lauderdale,https://pittsburgh.events/tickets/jim-lauderdale/,1,Club Cafe,"Oct 23, 2025 7:00 PM"
Sabrina Carpenter,https://pittsburgh.events/tickets/sabrina-carpenter/,2,PPG Paints Arena,"Oct 23, 2025 7:00 PM"
Solitary Man - A Tribute To Neil Diamond,https://pittsburgh.events/tickets/solitary-man-a-tribute-to-neil-diamond/,1,Palace Theatre - PA,"Oct 23, 2025 7:30 PM"
Blasey Does The Beatles,https://pittsburgh.events/tickets/blasey-does-the-beatles/,2,City Winery - Pittsburgh,"Oct 23, 2025 7:30 PM"
John Mulaney,https://pittsburgh.events/tickets/john-mulaney/,1,Petersen Events Center,"Oct 23, 2025 7:30 PM"
The Toxhards,https://pittsburgh.events/tickets/the-toxhards/,1,Mr Small's Fun House,"Oct 23, 2025 8:00 PM"
Kal-El,https://pittsburgh.events/tickets/kal-el/,1,Westside Bowl,"Oct 23, 2025 8:00 PM"
The Musical Box,https://pittsburgh.events/tickets/the-musical-box/,1,Carnegie of Homestead Music Hall,"Oct 23, 2025 8:00 PM"
Rickie Lee Jones,https://pittsburgh.events/tickets/rickie-lee-jones/,1,Carnegie Music Hall of Oakland - Pittsburgh,"Oct 23, 2025 8:00 PM"
Los Straitjackets,https://pittsburgh.events/tickets/los-straitjackets/,1,Thunderbird Cafe,"Oct 23, 2025 8:00 PM"
Squirrel Nut Zippers,https://pittsburgh.events/tickets/squirrel-nut-zippers/,1,Jergel's Rhythm Grille,"Oct 23, 2025 8:00 PM"
Lee Greenwood,https://pittsburgh.events/tickets/lee-greenwood/,1,Rayne Drop Inn II,"Oct 24, 2025 5:00 PM"
Heavy//Hitter,https://pittsburgh.events/tickets/heavy-hitter/,1,Preserving Underground,"Oct 24, 2025 6:30 PM"
Chris Redd,https://pittsburgh.events/tickets/chris-redd/,4,Bottlerocket Social Hall,"Oct 24, 2025 7:00 PM"
The Ignite Tour,https://pittsburgh.events/tickets/the-ignite-tour/,1,The Bible Chapel - PA,"Oct 24, 2025 7:00 PM"
Campus Nights Tour,https://pittsburgh.events/tickets/campus-nights-tour/,1,Crawford Hall Auditorium At Grove City College,"Oct 24, 2025 7:30 PM"
Twitty & Lynn - A Salute to Conway And Loretta,https://pittsburgh.events/tickets/twitty-lynn-a-salute-to-conway-and-loretta/,1,Palace Theatre - PA,"Oct 24, 2025 7:30 PM"
Kolton Moore,https://pittsburgh.events/tickets/kolton-moore/,1,Thunderbird Cafe,"Oct 24, 2025 8:00 PM"
Vincent Lima,https://pittsburgh.events/tickets/vincent-lima/,1,Mr Small's Theatre,"Oct 24, 2025 8:00 PM"
Neko Case,https://pittsburgh.events/tickets/neko-case/,1,Carnegie of Homestead Music Hall,"Oct 24, 2025 8:00 PM"
Old Skool,https://pittsburgh.events/tickets/old-skool/,1,Jergel's Rhythm Grille,"Oct 24, 2025 8:00 PM"
Deuce Reunion Show,https://pittsburgh.events/tickets/deuce-reunion-show/,1,Crafthouse Stage & Grill,"Oct 24, 2025 8:30 PM"
West Virginia Mountaineers Football,https://pittsburgh.events/tickets/west-virginia-mountaineers-football/,1,Mountaineer Field at Milan Puskar Stadium,"Oct 25, 2025 3:30 AM"
Clarion Golden Eagles Football,https://pittsburgh.events/tickets/clarion-golden-eagles-football/,1,Clarion Memorial Stadium,"Oct 25, 2025 2:00 PM"
The Nightmare Before Christmas In Concert,https://pittsburgh.events/tickets/the-nightmare-before-christmas-in-concert/,2,Heinz Hall,"Oct 25, 2025 7:00 PM"
The 4th Witch,https://pittsburgh.events/tickets/the-4th-witch/,1,Byham Theater,"Oct 25, 2025 7:00 PM"
Barbara Crampton,https://pittsburgh.events/tickets/barbara-crampton/,1,Carnegie of Homestead Music Hall,"Oct 25, 2025 7:00 PM"
Wheeling Symphony Orchestra,https://pittsburgh.events/tickets/wheeling-symphony-orchestra/,1,Capitol Theatre - Wheeling,"Oct 25, 2025 7:30 PM"
The War and Treaty,https://pittsburgh.events/tickets/the-war-and-treaty/,1,Mr Small's Theatre,"Oct 25, 2025 8:00 PM"
Halloween Rock Star Bash,https://pittsburgh.events/tickets/halloween-rock-star-bash/,1,Jergel's Rhythm Grille,"Oct 25, 2025 8:00 PM"
Magic Rocks,https://pittsburgh.events/tickets/magic-rocks/,1,Wheeling Island Showroom,"Oct 25, 2025 8:00 PM"
Wax Jaw,https://pittsburgh.events/tickets/wax-jaw/,1,Mr Small's Fun House,"Oct 25, 2025 8:00 PM"
Lakeview,https://pittsburgh.events/tickets/lakeview/,1,Roxian Theatre,"Oct 25, 2025 8:00 PM"
West Virginia Mountaineers Basketball,https://pittsburgh.events/tickets/west-virginia-mountaineers-basketball/,1,West Virginia University Coliseum,"Oct 26, 2025 3:30 AM"
Future Teens,https://pittsburgh.events/tickets/future-teens/,1,Bottlerocket Social Hall,"Oct 26, 2025 7:00 PM"
Tab Benoit,https://pittsburgh.events/tickets/tab-benoit/,1,Jergel's Rhythm Grille,"Oct 26, 2025 7:00 PM"
Thomas Dolby,https://pittsburgh.events/tickets/thomas-dolby/,1,Roxian Theatre,"Oct 26, 2025 7:00 PM"
Grateful Shred,https://pittsburgh.events/tickets/grateful-shred/,1,Thunderbird Cafe,"Oct 26, 2025 8:00 PM"
Samantha Bee,https://pittsburgh.events/tickets/samantha-bee/,1,City Winery - Pittsburgh,"Oct 26, 2025 8:00 PM"
Joshua Radin,https://pittsburgh.events/tickets/joshua-radin/,1,City Winery - Pittsburgh,"Oct 27, 2025 7:30 PM"
Leith Ross,https://pittsburgh.events/tickets/leith-ross/,1,Mr Small's Theatre,"Oct 27, 2025 8:00 PM"
Andy Bell,https://pittsburgh.events/tickets/andy-bell/,1,Roxian Theatre,"Oct 28, 2025 7:00 PM"
The Life & Music of George Michael,https://pittsburgh.events/tickets/the-life-music-of-george-michael/,1,Byham Theater,"Oct 28, 2025 7:30 PM"
Mania - The ABBA Tribute,https://pittsburgh.events/tickets/mania-the-abba-tribute/,1,Carnegie of Homestead Music Hall,"Oct 28, 2025 7:30 PM"
Abi Carter,https://pittsburgh.events/tickets/abi-carter/,1,City Winery - Pittsburgh,"Oct 28, 2025 7:30 PM"
Yachtley Crew,https://pittsburgh.events/tickets/yachtley-crew/,1,Jergel's Rhythm Grille,"Oct 28, 2025 8:00 PM"
Jon Batiste,https://pittsburgh.events/tickets/jon-batiste/,1,Heinz Hall,"Oct 28, 2025 8:00 PM"
Skrilla,https://pittsburgh.events/tickets/skrilla/,1,Spirit Hall,"Oct 29, 2025 7:00 PM"
Honky Tonk Heroes,https://pittsburgh.events/tickets/honky-tonk-heroes/,1,Jergel's Rhythm Grille,"Oct 29, 2025 7:30 PM"
The Brokes,https://pittsburgh.events/tickets/the-brokes/,1,Forge Urban Winery,"Oct 30, 2025 3:30 AM"
Simply Queen,https://pittsburgh.events/tickets/simply-queen/,1,Palace Theatre - PA,"Oct 30, 2025 7:30 PM"
Cold,https://pittsburgh.events/tickets/cold/,1,City Winery - Pittsburgh,"Oct 30, 2025 7:30 PM"
Robert Plant,https://pittsburgh.events/tickets/robert-plant/,1,Capitol Theatre - Wheeling,"Oct 30, 2025 7:30 PM"
The Local Honeys,https://pittsburgh.events/tickets/the-local-honeys/,1,Mr Small's Fun House,"Oct 30, 2025 8:00 PM"
The Gathering Gloom - Tribute to The Cure,https://pittsburgh.events/tickets/the-gathering-gloom-tribute-to-the-cure/,1,Jergel's Rhythm Grille,"Oct 30, 2025 8:00 PM"
Saint Motel,https://pittsburgh.events/tickets/saint-motel/,1,Roxian Theatre,"Oct 30, 2025 8:00 PM"
Hirie,https://pittsburgh.events/tickets/hirie/,1,Mr Small's Theatre,"Oct 30, 2025 8:00 PM"
Haunted Fest,https://pittsburgh.events/event/haunted-fest-levity-and-daily-bread-pittsburgh-friday-october-31-2025-600-pm/,1,Stage AE,"Oct 31, 2025 6:00 PM"
Signs of the Swarm,https://pittsburgh.events/tickets/signs-of-the-swarm/,1,Preserving Underground,"Oct 31, 2025 6:30 PM"
The Wrecks,https://pittsburgh.events/tickets/the-wrecks/,1,Mr Small's Theatre,"Oct 31, 2025 7:00 PM"
Cameron Whitcomb,https://pittsburgh.events/tickets/cameron-whitcomb/,1,Roxian Theatre,"Oct 31, 2025 7:00 PM"
Akron's Real Deal,https://pittsburgh.events/tickets/akrons-real-deal/,1,City Winery - Pittsburgh,"Oct 31, 2025 7:30 PM"
Dracula - Ballet,https://pittsburgh.events/tickets/dracula-ballet/,1,Benedum Center,"Oct 31, 2025 7:30 PM"
BB Steal,https://pittsburgh.events/tickets/bb-steal/,1,Jergel's Rhythm Grille,"Oct 31, 2025 8:00 PM"
Old Neon,https://pittsburgh.events/tickets/old-neon/,1,Mr Small's Fun House,"Oct 31, 2025 8:00 PM"
The Prince Project,https://pittsburgh.events/tickets/the-prince-project/,1,Oaks Theater,"Oct 31, 2025 8:00 PM"
The Monster Bash,https://pittsburgh.events/tickets/the-monster-bash/,1,Live! Casino Pittsburgh,"Oct 31, 2025 9:00 PM"
Spooky Rave,https://pittsburgh.events/event/spooky-rave-pittsburgh-friday-october-31-2025-900-pm/,1,Crafthouse Stage & Grill,"Oct 31, 2025 9:00 PM"
